id;status;last_modified;checksum;activity_name;data
1;COMPLETED;2020-01-16T00:00:29;Personal Loan Account Maine Bedfordshire;Groves;Auto Loan Account interfaces
2;DRAFT;2020-01-15T17:58:44;harness RAM Enhanced;Producer grow;enable Moldova CSS
3;DRAFT;2020-01-16T00:32:31;Dynamic;Orchestrator monitor Vermont;invoice client-driven cross-platform
4;DRAFT;2020-01-15T21:41:11;Future Soft solution;synthesizing human-resource withdrawal;monitor program
5;DRAFT;2020-01-16T11:56:03;mobile blue;Car Accountability Re-contextualized;calculating
6;COMPLETED;2020-01-16T11:29:04;wireless Planner Lead;vortals Investment Account ivory;card Bedfordshire visualize
7;DRAFT;2020-01-15T22:32:42;bandwidth generate;Delaware;eyeballs
8;COMPLETED;2020-01-16T11:03:29;Borders orange revolutionize;Borders Intelligent Soft Pizza Buckinghamshire;hacking
9;COMPLETED;2020-01-15T20:28:00;invoice Switchable;withdrawal Mall;Usability
10;DRAFT;2020-01-15T23:54:16;parsing Chief;revolutionary Customer-focused;withdrawal experiences Frozen
